,Sum,Activation
0,[[-0.81798573  1.91877224  1.50497873 -0.79264427]],[[0.3061914  0.87200146 0.81831586 0.31160118]]
1,"[[-2.04820607e-01 -1.41471811e+00 -2.17892987e+00 -1.33827335e+00
  -1.27124116e+00 -4.89535268e-04  1.20223595e-01 -1.93675215e+00]]","[[0.44897311 0.19549095 0.10165862 0.20779415 0.21904486 0.49987762
  0.53001975 0.1260051 ]]"
2,[[-0.05256357]],[[0.48686213]]
